Residue_Number,Residue_Name,Window,Hydropathy_Cutoff,Minimum_Blob_Length,blob_length,Normalized_Mean_Blob_Hydropathy,Min_Blob_Hydropathy,Blob_Type,Blob_Index_Number,Blob_Das-Pappu_Class,Blob_NCPR,Fraction_of_Positively_Charged_Residues,Fraction_of_Negatively_Charged_Residues,Fraction_of_Charged_Residues,Uversky_Diagram_Score,dSNP_enrichment,Blob_Disorder,Normalized_Kyte-Doolittle_hydropathy,Kyte-Doolittle_hydropathy
1,N,3,0.4,4,15,0.24666666666666667,0.0,p,p1,2,0.06666666666666667,0.2,0.13333333333333333,0.33333333333333337,0.17907689725567974,0.0,0.0,0.1111111111111111,-3.5
2,S,3,0.4,4,15,0.24666666666666667,0.0,p,p1,2,0.06666666666666667,0.2,0.13333333333333333,0.33333333333333337,0.17907689725567974,0.0,0.0,0.41111111111111115,-0.7999999999999998
3,V,3,0.4,4,15,0.24666666666666667,0.0,p,p1,2,0.06666666666666667,0.2,0.13333333333333333,0.33333333333333337,0.17907689725567974,0.0,0.0,0.9666666666666666,4.199999999999999
4,E,3,0.4,4,15,0.24666666666666667,0.0,p,p1,2,0.06666666666666667,0.2,0.13333333333333333,0.33333333333333337,0.17907689725567974,0.0,0.0,0.1111111111111111,-3.5
5,D,3,0.4,4,15,0.24666666666666667,0.0,p,p1,2,0.06666666666666667,0.2,0.13333333333333333,0.33333333333333337,0.17907689725567974,0.0,0.0,0.1111111111111111,-3.5
6,Q,3,0.4,4,15,0.24666666666666667,0.0,p,p1,2,0.06666666666666667,0.2,0.13333333333333333,0.33333333333333337,0.17907689725567974,0.0,0.0,0.1111111111111111,-3.5
7,W,3,0.4,4,15,0.24666666666666667,0.0,p,p1,2,0.06666666666666667,0.2,0.13333333333333333,0.33333333333333337,0.17907689725567974,0.0,0.0,0.4,-0.8999999999999999
8,R,3,0.4,4,15,0.24666666666666667,0.0,p,p1,2,0.06666666666666667,0.2,0.13333333333333333,0.33333333333333337,0.17907689725567974,0.0,0.0,0.0,-4.5
9,W,3,0.4,4,15,0.24666666666666667,0.0,p,p1,2,0.06666666666666667,0.2,0.13333333333333333,0.33333333333333337,0.17907689725567974,0.0,0.0,0.4,-0.8999999999999999
10,R,3,0.4,4,15,0.24666666666666667,0.0,p,p1,2,0.06666666666666667,0.2,0.13333333333333333,0.33333333333333337,0.17907689725567974,0.0,0.0,0.0,-4.5
11,N,3,0.4,4,15,0.24666666666666667,0.0,p,p1,2,0.06666666666666667,0.2,0.13333333333333333,0.33333333333333337,0.17907689725567974,0.0,0.0,0.1111111111111111,-3.5
12,R,3,0.4,4,15,0.24666666666666667,0.0,p,p1,2,0.06666666666666667,0.2,0.13333333333333333,0.33333333333333337,0.17907689725567974,0.0,0.0,0.0,-4.5
13,M,3,0.4,4,15,0.24666666666666667,0.0,p,p1,2,0.06666666666666667,0.2,0.13333333333333333,0.33333333333333337,0.17907689725567974,0.0,0.0,0.7111111111111111,1.9000000000000004
14,N,3,0.4,4,15,0.24666666666666667,0.0,p,p1,2,0.06666666666666667,0.2,0.13333333333333333,0.33333333333333337,0.17907689725567974,0.0,0.0,0.1111111111111111,-3.5
15,H,3,0.4,4,15,0.24666666666666667,0.0,p,p1,2,0.06666666666666667,0.2,0.13333333333333333,0.33333333333333337,0.17907689725567974,0.0,0.0,0.14444444444444443,-3.2
16,V,3,0.4,4,11,0.6545454545454545,0.14444444444444443,h,h1,1,0.0,0.0,0.0,0.0,-0.2273346380411635,0.74,0.0,0.9666666666666666,4.199999999999999
17,S,3,0.4,4,11,0.6545454545454545,0.14444444444444443,h,h1,1,0.0,0.0,0.0,0.0,-0.2273346380411635,0.74,0.0,0.41111111111111115,-0.7999999999999998
18,F,3,0.4,4,11,0.6545454545454545,0.14444444444444443,h,h1,1,0.0,0.0,0.0,0.0,-0.2273346380411635,0.74,0.0,0.8111111111111111,2.8
19,A,3,0.4,4,11,0.6545454545454545,0.14444444444444443,h,h1,1,0.0,0.0,0.0,0.0,-0.2273346380411635,0.74,0.0,0.7,1.7999999999999998
20,I,3,0.4,4,11,0.6545454545454545,0.14444444444444443,h,h1,1,0.0,0.0,0.0,0.0,-0.2273346380411635,0.74,0.0,1.0,4.5
21,H,3,0.4,4,11,0.6545454545454545,0.14444444444444443,h,h1,1,0.0,0.0,0.0,0.0,-0.2273346380411635,0.74,0.0,0.14444444444444443,-3.2
22,V,3,0.4,4,11,0.6545454545454545,0.14444444444444443,h,h1,1,0.0,0.0,0.0,0.0,-0.2273346380411635,0.74,0.0,0.9666666666666666,4.199999999999999
23,F,3,0.4,4,11,0.6545454545454545,0.14444444444444443,h,h1,1,0.0,0.0,0.0,0.0,-0.2273346380411635,0.74,0.0,0.8111111111111111,2.8
24,L,3,0.4,4,11,0.6545454545454545,0.14444444444444443,h,h1,1,0.0,0.0,0.0,0.0,-0.2273346380411635,0.74,0.0,0.9222222222222223,3.8000000000000007
25,P,3,0.4,4,11,0.6545454545454545,0.14444444444444443,h,h1,1,0.0,0.0,0.0,0.0,-0.2273346380411635,0.74,0.0,0.3222222222222222,-1.6000000000000005
26,H,3,0.4,4,11,0.6545454545454545,0.14444444444444443,h,h1,1,0.0,0.0,0.0,0.0,-0.2273346380411635,0.74,0.0,0.14444444444444443,-3.2
27,A,3,0.4,4,14,0.35079365079365077,0.0,p,p2,3,0.0,0.21428571428571427,0.21428571428571427,0.42857142857142855,0.05854657007435595,0.0,0.0,0.7,1.7999999999999998
28,R,3,0.4,4,14,0.35079365079365077,0.0,p,p2,3,0.0,0.21428571428571427,0.21428571428571427,0.42857142857142855,0.05854657007435595,0.0,0.0,0.0,-4.5
29,K,3,0.4,4,14,0.35079365079365077,0.0,p,p2,3,0.0,0.21428571428571427,0.21428571428571427,0.42857142857142855,0.05854657007435595,0.0,0.0,0.06666666666666668,-3.9
30,F,3,0.4,4,14,0.35079365079365077,0.0,p,p2,3,0.0,0.21428571428571427,0.21428571428571427,0.42857142857142855,0.05854657007435595,0.0,0.0,0.8111111111111111,2.8
31,S,3,0.4,4,14,0.35079365079365077,0.0,p,p2,3,0.0,0.21428571428571427,0.21428571428571427,0.42857142857142855,0.05854657007435595,0.0,0.0,0.41111111111111115,-0.7999999999999998
32,P,3,0.4,4,14,0.35079365079365077,0.0,p,p2,3,0.0,0.21428571428571427,0.21428571428571427,0.42857142857142855,0.05854657007435595,0.0,0.0,0.3222222222222222,-1.6000000000000005
33,E,3,0.4,4,14,0.35079365079365077,0.0,p,p2,3,0.0,0.21428571428571427,0.21428571428571427,0.42857142857142855,0.05854657007435595,0.0,0.0,0.1111111111111111,-3.5
34,I,3,0.4,4,14,0.35079365079365077,0.0,p,p2,3,0.0,0.21428571428571427,0.21428571428571427,0.42857142857142855,0.05854657007435595,0.0,0.0,1.0,4.5
35,T,3,0.4,4,14,0.35079365079365077,0.0,p,p2,3,0.0,0.21428571428571427,0.21428571428571427,0.42857142857142855,0.05854657007435595,0.0,0.0,0.4222222222222222,-0.7000000000000002
36,P,3,0.4,4,14,0.35079365079365077,0.0,p,p2,3,0.0,0.21428571428571427,0.21428571428571427,0.42857142857142855,0.05854657007435595,0.0,0.0,0.3222222222222222,-1.6000000000000005
37,D,3,0.4,4,14,0.35079365079365077,0.0,p,p2,3,0.0,0.21428571428571427,0.21428571428571427,0.42857142857142855,0.05854657007435595,0.0,0.0,0.1111111111111111,-3.5
38,E,3,0.4,4,14,0.35079365079365077,0.0,p,p2,3,0.0,0.21428571428571427,0.21428571428571427,0.42857142857142855,0.05854657007435595,0.0,0.0,0.1111111111111111,-3.5
39,G,3,0.4,4,14,0.35079365079365077,0.0,p,p2,3,0.0,0.21428571428571427,0.21428571428571427,0.42857142857142855,0.05854657007435595,0.0,0.0,0.4555555555555555,-0.40000000000000036
40,K,3,0.4,4,14,0.35079365079365077,0.0,p,p2,3,0.0,0.21428571428571427,0.21428571428571427,0.42857142857142855,0.05854657007435595,0.0,0.0,0.06666666666666668,-3.9
41,F,3,0.4,4,6,0.5314814814814816,0.14444444444444443,h,h2,1,0.0,0.0,0.0,0.0,-0.11151087383474133,0.79,0.0,0.8111111111111111,2.8
42,W,3,0.4,4,6,0.5314814814814816,0.14444444444444443,h,h2,1,0.0,0.0,0.0,0.0,-0.11151087383474133,0.79,0.0,0.4,-0.8999999999999999
43,M,3,0.4,4,6,0.5314814814814816,0.14444444444444443,h,h2,1,0.0,0.0,0.0,0.0,-0.11151087383474133,0.79,0.0,0.7111111111111111,1.9000000000000004
44,H,3,0.4,4,6,0.5314814814814816,0.14444444444444443,h,h2,1,0.0,0.0,0.0,0.0,-0.11151087383474133,0.79,0.0,0.14444444444444443,-3.2
45,M,3,0.4,4,6,0.5314814814814816,0.14444444444444443,h,h2,1,0.0,0.0,0.0,0.0,-0.11151087383474133,0.79,0.0,0.7111111111111111,1.9000000000000004
46,S,3,0.4,4,6,0.5314814814814816,0.14444444444444443,h,h2,1,0.0,0.0,0.0,0.0,-0.11151087383474133,0.79,0.0,0.41111111111111115,-0.7999999999999998
47,K,3,0.4,4,10,0.3311111111111111,0.06666666666666668,p,p3,1,0.1,0.1,0.0,0.1,0.11086528038207502,0.0,0.0,0.06666666666666668,-3.9
48,M,3,0.4,4,10,0.3311111111111111,0.06666666666666668,p,p3,1,0.1,0.1,0.0,0.1,0.11086528038207502,0.0,0.0,0.7111111111111111,1.9000000000000004
49,W,3,0.4,4,10,0.3311111111111111,0.06666666666666668,p,p3,1,0.1,0.1,0.0,0.1,0.11086528038207502,0.0,0.0,0.4,-0.8999999999999999
50,V,3,0.4,4,10,0.3311111111111111,0.06666666666666668,p,p3,1,0.1,0.1,0.0,0.1,0.11086528038207502,0.0,0.0,0.9666666666666666,4.199999999999999
51,N,3,0.4,4,10,0.3311111111111111,0.06666666666666668,p,p3,1,0.1,0.1,0.0,0.1,0.11086528038207502,0.0,0.0,0.1111111111111111,-3.5
52,P,3,0.4,4,10,0.3311111111111111,0.06666666666666668,p,p3,1,0.1,0.1,0.0,0.1,0.11086528038207502,0.0,0.0,0.3222222222222222,-1.6000000000000005
53,N,3,0.4,4,10,0.3311111111111111,0.06666666666666668,p,p3,1,0.1,0.1,0.0,0.1,0.11086528038207502,0.0,0.0,0.1111111111111111,-3.5
54,N,3,0.4,4,10,0.3311111111111111,0.06666666666666668,p,p3,1,0.1,0.1,0.0,0.1,0.11086528038207502,0.0,0.0,0.1111111111111111,-3.5
55,N,3,0.4,4,10,0.3311111111111111,0.06666666666666668,p,p3,1,0.1,0.1,0.0,0.1,0.11086528038207502,0.0,0.0,0.1111111111111111,-3.5
56,W,3,0.4,4,10,0.3311111111111111,0.06666666666666668,p,p3,1,0.1,0.1,0.0,0.1,0.11086528038207502,0.0,0.0,0.4,-0.8999999999999999
57,C,3,0.4,4,14,0.6896825396825397,0.0,h,h3,1,0.07142857142857142,0.07142857142857142,0.0,0.07142857142857142,-0.23626582753413558,0.0,0.0,0.7777777777777778,2.5
58,M,3,0.4,4,14,0.6896825396825397,0.0,h,h3,1,0.07142857142857142,0.07142857142857142,0.0,0.07142857142857142,-0.23626582753413558,0.0,0.0,0.7111111111111111,1.9000000000000004
59,F,3,0.4,4,14,0.6896825396825397,0.0,h,h3,1,0.07142857142857142,0.07142857142857142,0.0,0.07142857142857142,-0.23626582753413558,0.0,0.0,0.8111111111111111,2.8
60,V,3,0.4,4,14,0.6896825396825397,0.0,h,h3,1,0.07142857142857142,0.07142857142857142,0.0,0.07142857142857142,-0.23626582753413558,0.0,0.0,0.9666666666666666,4.199999999999999
61,I,3,0.4,4,14,0.6896825396825397,0.0,h,h3,1,0.07142857142857142,0.07142857142857142,0.0,0.07142857142857142,-0.23626582753413558,0.0,0.0,1.0,4.5
62,N,3,0.4,4,14,0.6896825396825397,0.0,h,h3,1,0.07142857142857142,0.07142857142857142,0.0,0.07142857142857142,-0.23626582753413558,0.0,0.0,0.1111111111111111,-3.5
63,F,3,0.4,4,14,0.6896825396825397,0.0,h,h3,1,0.07142857142857142,0.07142857142857142,0.0,0.07142857142857142,-0.23626582753413558,0.0,0.0,0.8111111111111111,2.8
64,F,3,0.4,4,14,0.6896825396825397,0.0,h,h3,1,0.07142857142857142,0.07142857142857142,0.0,0.07142857142857142,-0.23626582753413558,0.0,0.0,0.8111111111111111,2.8
65,C,3,0.4,4,14,0.6896825396825397,0.0,h,h3,1,0.07142857142857142,0.07142857142857142,0.0,0.07142857142857142,-0.23626582753413558,0.0,0.0,0.7777777777777778,2.5
66,C,3,0.4,4,14,0.6896825396825397,0.0,h,h3,1,0.07142857142857142,0.07142857142857142,0.0,0.07142857142857142,-0.23626582753413558,0.0,0.0,0.7777777777777778,2.5
67,T,3,0.4,4,14,0.6896825396825397,0.0,h,h3,1,0.07142857142857142,0.07142857142857142,0.0,0.07142857142857142,-0.23626582753413558,0.0,0.0,0.4222222222222222,-0.7000000000000002
68,V,3,0.4,4,14,0.6896825396825397,0.0,h,h3,1,0.07142857142857142,0.07142857142857142,0.0,0.07142857142857142,-0.23626582753413558,0.0,0.0,0.9666666666666666,4.199999999999999
69,M,3,0.4,4,14,0.6896825396825397,0.0,h,h3,1,0.07142857142857142,0.07142857142857142,0.0,0.07142857142857142,-0.23626582753413558,0.0,0.0,0.7111111111111111,1.9000000000000004
70,R,3,0.4,4,14,0.6896825396825397,0.0,h,h3,1,0.07142857142857142,0.07142857142857142,0.0,0.07142857142857142,-0.23626582753413558,0.0,0.0,0.0,-4.5
71,K,3,0.4,4,7,0.38730158730158726,0.06666666666666668,p,p4,3,0.14285714285714285,0.2857142857142857,0.14285714285714285,0.42857142857142855,0.0724638598290443,0.0,0.0,0.06666666666666668,-3.9
72,W,3,0.4,4,7,0.38730158730158726,0.06666666666666668,p,p4,3,0.14285714285714285,0.2857142857142857,0.14285714285714285,0.42857142857142855,0.0724638598290443,0.0,0.0,0.4,-0.8999999999999999
73,D,3,0.4,4,7,0.38730158730158726,0.06666666666666668,p,p4,3,0.14285714285714285,0.2857142857142857,0.14285714285714285,0.42857142857142855,0.0724638598290443,0.0,0.0,0.1111111111111111,-3.5
74,V,3,0.4,4,7,0.38730158730158726,0.06666666666666668,p,p4,3,0.14285714285714285,0.2857142857142857,0.14285714285714285,0.42857142857142855,0.0724638598290443,0.0,0.0,0.9666666666666666,4.199999999999999
75,A,3,0.4,4,7,0.38730158730158726,0.06666666666666668,p,p4,3,0.14285714285714285,0.2857142857142857,0.14285714285714285,0.42857142857142855,0.0724638598290443,0.0,0.0,0.7,1.7999999999999998
76,K,3,0.4,4,7,0.38730158730158726,0.06666666666666668,p,p4,3,0.14285714285714285,0.2857142857142857,0.14285714285714285,0.42857142857142855,0.0724638598290443,0.0,0.0,0.06666666666666668,-3.9
77,W,3,0.4,4,7,0.38730158730158726,0.06666666666666668,p,p4,3,0.14285714285714285,0.2857142857142857,0.14285714285714285,0.42857142857142855,0.0724638598290443,0.0,0.0,0.4,-0.8999999999999999
78,I,3,0.4,4,4,0.7444444444444445,0.35555555555555557,h,h4a,1,0.0,0.0,0.0,0.0,-0.3119446107993434,0.86,0.0,1.0,4.5
79,L,3,0.4,4,4,0.7444444444444445,0.35555555555555557,h,h4a,1,0.0,0.0,0.0,0.0,-0.3119446107993434,0.86,0.0,0.9222222222222223,3.8000000000000007
80,Y,3,0.4,4,4,0.7444444444444445,0.35555555555555557,h,h4a,1,0.0,0.0,0.0,0.0,-0.3119446107993434,0.86,0.0,0.35555555555555557,-1.2999999999999998
81,A,3,0.4,4,4,0.7444444444444445,0.35555555555555557,h,h4a,1,0.0,0.0,0.0,0.0,-0.3119446107993434,0.86,0.0,0.7,1.7999999999999998
82,H,3,0.4,4,1,0.14444444444444443,0.14444444444444443,s,s1,1,0.0,0.0,0.0,0.0,0.25275565682266604,0.0,0.0,0.14444444444444443,-3.2
83,G,3,0.4,4,12,0.5407407407407407,0.1111111111111111,h,h4b,1,0.0,0.0,0.0,0.0,-0.12022538413755005,0.69,0.0,0.4555555555555555,-0.40000000000000036
84,A,3,0.4,4,12,0.5407407407407407,0.1111111111111111,h,h4b,1,0.0,0.0,0.0,0.0,-0.12022538413755005,0.69,0.0,0.7,1.7999999999999998
85,Q,3,0.4,4,12,0.5407407407407407,0.1111111111111111,h,h4b,1,0.0,0.0,0.0,0.0,-0.12022538413755005,0.69,0.0,0.1111111111111111,-3.5
86,M,3,0.4,4,12,0.5407407407407407,0.1111111111111111,h,h4b,1,0.0,0.0,0.0,0.0,-0.12022538413755005,0.69,0.0,0.7111111111111111,1.9000000000000004
87,F,3,0.4,4,12,0.5407407407407407,0.1111111111111111,h,h4b,1,0.0,0.0,0.0,0.0,-0.12022538413755005,0.69,0.0,0.8111111111111111,2.8
88,L,3,0.4,4,12,0.5407407407407407,0.1111111111111111,h,h4b,1,0.0,0.0,0.0,0.0,-0.12022538413755005,0.69,0.0,0.9222222222222223,3.8000000000000007
89,Q,3,0.4,4,12,0.5407407407407407,0.1111111111111111,h,h4b,1,0.0,0.0,0.0,0.0,-0.12022538413755005,0.69,0.0,0.1111111111111111,-3.5
90,P,3,0.4,4,12,0.5407407407407407,0.1111111111111111,h,h4b,1,0.0,0.0,0.0,0.0,-0.12022538413755005,0.69,0.0,0.3222222222222222,-1.6000000000000005
91,V,3,0.4,4,12,0.5407407407407407,0.1111111111111111,h,h4b,1,0.0,0.0,0.0,0.0,-0.12022538413755005,0.69,0.0,0.9666666666666666,4.199999999999999
92,G,3,0.4,4,12,0.5407407407407407,0.1111111111111111,h,h4b,1,0.0,0.0,0.0,0.0,-0.12022538413755005,0.69,0.0,0.4555555555555555,-0.40000000000000036
93,Q,3,0.4,4,12,0.5407407407407407,0.1111111111111111,h,h4b,1,0.0,0.0,0.0,0.0,-0.12022538413755005,0.69,0.0,0.1111111111111111,-3.5
94,F,3,0.4,4,12,0.5407407407407407,0.1111111111111111,h,h4b,1,0.0,0.0,0.0,0.0,-0.12022538413755005,0.69,0.0,0.8111111111111111,2.8
95,N,3,0.4,4,4,0.3111111111111111,0.1111111111111111,p,p5,1,0.0,0.0,0.0,0.0,0.09589447137210787,0.0,0.0,0.1111111111111111,-3.5
96,Q,3,0.4,4,4,0.3111111111111111,0.1111111111111111,p,p5,1,0.0,0.0,0.0,0.0,0.09589447137210787,0.0,0.0,0.1111111111111111,-3.5
97,A,3,0.4,4,4,0.3111111111111111,0.1111111111111111,p,p5,1,0.0,0.0,0.0,0.0,0.09589447137210787,0.0,0.0,0.7,1.7999999999999998
98,P,3,0.4,4,4,0.3111111111111111,0.1111111111111111,p,p5,1,0.0,0.0,0.0,0.0,0.09589447137210787,0.0,0.0,0.3222222222222222,-1.6000000000000005
99,L,3,0.4,4,4,0.5444444444444445,0.1111111111111111,h,h5a,2,-0.25,0.0,0.25,0.25,-0.03922581009858843,0.43,0.0,0.9222222222222223,3.8000000000000007
100,I,3,0.4,4,4,0.5444444444444445,0.1111111111111111,h,h5a,2,-0.25,0.0,0.25,0.25,-0.03922581009858843,0.43,0.0,1.0,4.5
101,E,3,0.4,4,4,0.5444444444444445,0.1111111111111111,h,h5a,2,-0.25,0.0,0.25,0.25,-0.03922581009858843,0.43,0.0,0.1111111111111111,-3.5
102,H,3,0.4,4,4,0.5444444444444445,0.1111111111111111,h,h5a,2,-0.25,0.0,0.25,0.25,-0.03922581009858843,0.43,0.0,0.14444444444444443,-3.2
103,R,3,0.4,4,3,0.27037037037037037,0.0,s,s2,2,0.3333333333333333,0.3333333333333333,0.0,0.3333333333333333,0.24688548758458012,0.0,0.0,0.0,-4.5
104,A,3,0.4,4,3,0.27037037037037037,0.0,s,s2,2,0.3333333333333333,0.3333333333333333,0.0,0.3333333333333333,0.24688548758458012,0.0,0.0,0.7,1.7999999999999998
105,N,3,0.4,4,3,0.27037037037037037,0.0,s,s2,2,0.3333333333333333,0.3333333333333333,0.0,0.3333333333333333,0.24688548758458012,0.0,0.0,0.1111111111111111,-3.5
106,L,3,0.4,4,18,0.595679012345679,0.06666666666666668,h,h5b,1,0.0,0.05555555555555555,0.05555555555555555,0.1111111111111111,-0.17193147860088215,0.82,0.0,0.9222222222222223,3.8000000000000007
107,I,3,0.4,4,18,0.595679012345679,0.06666666666666668,h,h5b,1,0.0,0.05555555555555555,0.05555555555555555,0.1111111111111111,-0.17193147860088215,0.82,0.0,1.0,4.5
108,M,3,0.4,4,18,0.595679012345679,0.06666666666666668,h,h5b,1,0.0,0.05555555555555555,0.05555555555555555,0.1111111111111111,-0.17193147860088215,0.82,0.0,0.7111111111111111,1.9000000000000004
109,P,3,0.4,4,18,0.595679012345679,0.06666666666666668,h,h5b,1,0.0,0.05555555555555555,0.05555555555555555,0.1111111111111111,-0.17193147860088215,0.82,0.0,0.3222222222222222,-1.6000000000000005
110,W,3,0.4,4,18,0.595679012345679,0.06666666666666668,h,h5b,1,0.0,0.05555555555555555,0.05555555555555555,0.1111111111111111,-0.17193147860088215,0.82,0.0,0.4,-0.8999999999999999
111,M,3,0.4,4,18,0.595679012345679,0.06666666666666668,h,h5b,1,0.0,0.05555555555555555,0.05555555555555555,0.1111111111111111,-0.17193147860088215,0.82,0.0,0.7111111111111111,1.9000000000000004
112,G,3,0.4,4,18,0.595679012345679,0.06666666666666668,h,h5b,1,0.0,0.05555555555555555,0.05555555555555555,0.1111111111111111,-0.17193147860088215,0.82,0.0,0.4555555555555555,-0.40000000000000036
113,S,3,0.4,4,18,0.595679012345679,0.06666666666666668,h,h5b,1,0.0,0.05555555555555555,0.05555555555555555,0.1111111111111111,-0.17193147860088215,0.82,0.0,0.41111111111111115,-0.7999999999999998
114,Y,3,0.4,4,18,0.595679012345679,0.06666666666666668,h,h5b,1,0.0,0.05555555555555555,0.05555555555555555,0.1111111111111111,-0.17193147860088215,0.82,0.0,0.35555555555555557,-1.2999999999999998
115,I,3,0.4,4,18,0.595679012345679,0.06666666666666668,h,h5b,1,0.0,0.05555555555555555,0.05555555555555555,0.1111111111111111,-0.17193147860088215,0.82,0.0,1.0,4.5
116,K,3,0.4,4,18,0.595679012345679,0.06666666666666668,h,h5b,1,0.0,0.05555555555555555,0.05555555555555555,0.1111111111111111,-0.17193147860088215,0.82,0.0,0.06666666666666668,-3.9
117,Y,3,0.4,4,18,0.595679012345679,0.06666666666666668,h,h5b,1,0.0,0.05555555555555555,0.05555555555555555,0.1111111111111111,-0.17193147860088215,0.82,0.0,0.35555555555555557,-1.2999999999999998
118,V,3,0.4,4,18,0.595679012345679,0.06666666666666668,h,h5b,1,0.0,0.05555555555555555,0.05555555555555555,0.1111111111111111,-0.17193147860088215,0.82,0.0,0.9666666666666666,4.199999999999999
119,V,3,0.4,4,18,0.595679012345679,0.06666666666666668,h,h5b,1,0.0,0.05555555555555555,0.05555555555555555,0.1111111111111111,-0.17193147860088215,0.82,0.0,0.9666666666666666,4.199999999999999
120,C,3,0.4,4,18,0.595679012345679,0.06666666666666668,h,h5b,1,0.0,0.05555555555555555,0.05555555555555555,0.1111111111111111,-0.17193147860088215,0.82,0.0,0.7777777777777778,2.5
121,C,3,0.4,4,18,0.595679012345679,0.06666666666666668,h,h5b,1,0.0,0.05555555555555555,0.05555555555555555,0.1111111111111111,-0.17193147860088215,0.82,0.0,0.7777777777777778,2.5
122,D,3,0.4,4,18,0.595679012345679,0.06666666666666668,h,h5b,1,0.0,0.05555555555555555,0.05555555555555555,0.1111111111111111,-0.17193147860088215,0.82,0.0,0.1111111111111111,-3.5
123,S,3,0.4,4,18,0.595679012345679,0.06666666666666668,h,h5b,1,0.0,0.05555555555555555,0.05555555555555555,0.1111111111111111,-0.17193147860088215,0.82,0.0,0.41111111111111115,-0.7999999999999998
124,G,3,0.4,4,4,0.38055555555555554,0.1111111111111111,p,p6,2,-0.25,0.0,0.25,0.25,0.11502102226112718,0.0,0.0,0.4555555555555555,-0.40000000000000036
125,E,3,0.4,4,4,0.38055555555555554,0.1111111111111111,p,p6,2,-0.25,0.0,0.25,0.25,0.11502102226112718,0.0,0.0,0.1111111111111111,-3.5
126,H,3,0.4,4,4,0.38055555555555554,0.1111111111111111,p,p6,2,-0.25,0.0,0.25,0.25,0.11502102226112718,0.0,0.0,0.14444444444444443,-3.2
127,F,3,0.4,4,4,0.38055555555555554,0.1111111111111111,p,p6,2,-0.25,0.0,0.25,0.25,0.11502102226112718,0.0,0.0,0.8111111111111111,2.8
128,W,3,0.4,4,6,0.5703703703703703,0.1111111111111111,h,h6,1,-0.16666666666666666,0.0,0.16666666666666666,0.16666666666666666,-0.09178823166648131,0.76,0.0,0.4,-0.8999999999999999
129,A,3,0.4,4,6,0.5703703703703703,0.1111111111111111,h,h6,1,-0.16666666666666666,0.0,0.16666666666666666,0.16666666666666666,-0.09178823166648131,0.76,0.0,0.7,1.7999999999999998
130,F,3,0.4,4,6,0.5703703703703703,0.1111111111111111,h,h6,1,-0.16666666666666666,0.0,0.16666666666666666,0.16666666666666666,-0.09178823166648131,0.76,0.0,0.8111111111111111,2.8
131,I,3,0.4,4,6,0.5703703703703703,0.1111111111111111,h,h6,1,-0.16666666666666666,0.0,0.16666666666666666,0.16666666666666666,-0.09178823166648131,0.76,0.0,1.0,4.5
132,W,3,0.4,4,6,0.5703703703703703,0.1111111111111111,h,h6,1,-0.16666666666666666,0.0,0.16666666666666666,0.16666666666666666,-0.09178823166648131,0.76,0.0,0.4,-0.8999999999999999
133,D,3,0.4,4,6,0.5703703703703703,0.1111111111111111,h,h6,1,-0.16666666666666666,0.0,0.16666666666666666,0.16666666666666666,-0.09178823166648131,0.76,0.0,0.1111111111111111,-3.5
134,P,3,0.4,4,21,0.4031746031746032,0.06666666666666668,p,p7,1,-0.047619047619047616,0.047619047619047616,0.09523809523809523,0.14285714285714285,0.025339793344196705,0.0,0.0,0.3222222222222222,-1.6000000000000005
135,S,3,0.4,4,21,0.4031746031746032,0.06666666666666668,p,p7,1,-0.047619047619047616,0.047619047619047616,0.09523809523809523,0.14285714285714285,0.025339793344196705,0.0,0.0,0.41111111111111115,-0.7999999999999998
136,T,3,0.4,4,21,0.4031746031746032,0.06666666666666668,p,p7,1,-0.047619047619047616,0.047619047619047616,0.09523809523809523,0.14285714285714285,0.025339793344196705,0.0,0.0,0.4222222222222222,-0.7000000000000002
137,C,3,0.4,4,21,0.4031746031746032,0.06666666666666668,p,p7,1,-0.047619047619047616,0.047619047619047616,0.09523809523809523,0.14285714285714285,0.025339793344196705,0.0,0.0,0.7777777777777778,2.5
138,D,3,0.4,4,21,0.4031746031746032,0.06666666666666668,p,p7,1,-0.047619047619047616,0.047619047619047616,0.09523809523809523,0.14285714285714285,0.025339793344196705,0.0,0.0,0.1111111111111111,-3.5
139,W,3,0.4,4,21,0.4031746031746032,0.06666666666666668,p,p7,1,-0.047619047619047616,0.047619047619047616,0.09523809523809523,0.14285714285714285,0.025339793344196705,0.0,0.0,0.4,-0.8999999999999999
140,T,3,0.4,4,21,0.4031746031746032,0.06666666666666668,p,p7,1,-0.047619047619047616,0.047619047619047616,0.09523809523809523,0.14285714285714285,0.025339793344196705,0.0,0.0,0.4222222222222222,-0.7000000000000002
141,S,3,0.4,4,21,0.4031746031746032,0.06666666666666668,p,p7,1,-0.047619047619047616,0.047619047619047616,0.09523809523809523,0.14285714285714285,0.025339793344196705,0.0,0.0,0.41111111111111115,-0.7999999999999998
142,S,3,0.4,4,21,0.4031746031746032,0.06666666666666668,p,p7,1,-0.047619047619047616,0.047619047619047616,0.09523809523809523,0.14285714285714285,0.025339793344196705,0.0,0.0,0.41111111111111115,-0.7999999999999998
143,K,3,0.4,4,21,0.4031746031746032,0.06666666666666668,p,p7,1,-0.047619047619047616,0.047619047619047616,0.09523809523809523,0.14285714285714285,0.025339793344196705,0.0,0.0,0.06666666666666668,-3.9
144,N,3,0.4,4,21,0.4031746031746032,0.06666666666666668,p,p7,1,-0.047619047619047616,0.047619047619047616,0.09523809523809523,0.14285714285714285,0.025339793344196705,0.0,0.0,0.1111111111111111,-3.5
145,P,3,0.4,4,21,0.4031746031746032,0.06666666666666668,p,p7,1,-0.047619047619047616,0.047619047619047616,0.09523809523809523,0.14285714285714285,0.025339793344196705,0.0,0.0,0.3222222222222222,-1.6000000000000005
146,W,3,0.4,4,21,0.4031746031746032,0.06666666666666668,p,p7,1,-0.047619047619047616,0.047619047619047616,0.09523809523809523,0.14285714285714285,0.025339793344196705,0.0,0.0,0.4,-0.8999999999999999
147,C,3,0.4,4,21,0.4031746031746032,0.06666666666666668,p,p7,1,-0.047619047619047616,0.047619047619047616,0.09523809523809523,0.14285714285714285,0.025339793344196705,0.0,0.0,0.7777777777777778,2.5
148,T,3,0.4,4,21,0.4031746031746032,0.06666666666666668,p,p7,1,-0.047619047619047616,0.047619047619047616,0.09523809523809523,0.14285714285714285,0.025339793344196705,0.0,0.0,0.4222222222222222,-0.7000000000000002
149,S,3,0.4,4,21,0.4031746031746032,0.06666666666666668,p,p7,1,-0.047619047619047616,0.047619047619047616,0.09523809523809523,0.14285714285714285,0.025339793344196705,0.0,0.0,0.41111111111111115,-0.7999999999999998
150,E,3,0.4,4,21,0.4031746031746032,0.06666666666666668,p,p7,1,-0.047619047619047616,0.047619047619047616,0.09523809523809523,0.14285714285714285,0.025339793344196705,0.0,0.0,0.1111111111111111,-3.5
151,V,3,0.4,4,21,0.4031746031746032,0.06666666666666668,p,p7,1,-0.047619047619047616,0.047619047619047616,0.09523809523809523,0.14285714285714285,0.025339793344196705,0.0,0.0,0.9666666666666666,4.199999999999999
152,G,3,0.4,4,21,0.4031746031746032,0.06666666666666668,p,p7,1,-0.047619047619047616,0.047619047619047616,0.09523809523809523,0.14285714285714285,0.025339793344196705,0.0,0.0,0.4555555555555555,-0.40000000000000036
153,S,3,0.4,4,21,0.4031746031746032,0.06666666666666668,p,p7,1,-0.047619047619047616,0.047619047619047616,0.09523809523809523,0.14285714285714285,0.025339793344196705,0.0,0.0,0.41111111111111115,-0.7999999999999998
154,P,3,0.4,4,21,0.4031746031746032,0.06666666666666668,p,p7,1,-0.047619047619047616,0.047619047619047616,0.09523809523809523,0.14285714285714285,0.025339793344196705,0.0,0.0,0.3222222222222222,-1.6000000000000005
155,A,3,0.4,4,10,0.5877777777777778,0.1111111111111111,h,h7,1,0.0,0.0,0.0,0.0,-0.16449509647581875,0.9,0.0,0.7,1.7999999999999998
156,F,3,0.4,4,10,0.5877777777777778,0.1111111111111111,h,h7,1,0.0,0.0,0.0,0.0,-0.16449509647581875,0.9,0.0,0.8111111111111111,2.8
157,H,3,0.4,4,10,0.5877777777777778,0.1111111111111111,h,h7,1,0.0,0.0,0.0,0.0,-0.16449509647581875,0.9,0.0,0.14444444444444443,-3.2
158,L,3,0.4,4,10,0.5877777777777778,0.1111111111111111,h,h7,1,0.0,0.0,0.0,0.0,-0.16449509647581875,0.9,0.0,0.9222222222222223,3.8000000000000007
159,A,3,0.4,4,10,0.5877777777777778,0.1111111111111111,h,h7,1,0.0,0.0,0.0,0.0,-0.16449509647581875,0.9,0.0,0.7,1.7999999999999998
160,G,3,0.4,4,10,0.5877777777777778,0.1111111111111111,h,h7,1,0.0,0.0,0.0,0.0,-0.16449509647581875,0.9,0.0,0.4555555555555555,-0.40000000000000036
161,W,3,0.4,4,10,0.5877777777777778,0.1111111111111111,h,h7,1,0.0,0.0,0.0,0.0,-0.16449509647581875,0.9,0.0,0.4,-0.8999999999999999
162,L,3,0.4,4,10,0.5877777777777778,0.1111111111111111,h,h7,1,0.0,0.0,0.0,0.0,-0.16449509647581875,0.9,0.0,0.9222222222222223,3.8000000000000007
163,N,3,0.4,4,10,0.5877777777777778,0.1111111111111111,h,h7,1,0.0,0.0,0.0,0.0,-0.16449509647581875,0.9,0.0,0.1111111111111111,-3.5
164,M,3,0.4,4,10,0.5877777777777778,0.1111111111111111,h,h7,1,0.0,0.0,0.0,0.0,-0.16449509647581875,0.9,0.0,0.7111111111111111,1.9000000000000004
165,H,3,0.4,4,25,0.35200000000000004,0.0,p,p8,3,-0.08,0.16,0.24,0.4,0.08444651488613152,0.0,0.0,0.14444444444444443,-3.2
166,T,3,0.4,4,25,0.35200000000000004,0.0,p,p8,3,-0.08,0.16,0.24,0.4,0.08444651488613152,0.0,0.0,0.4222222222222222,-0.7000000000000002
167,Y,3,0.4,4,25,0.35200000000000004,0.0,p,p8,3,-0.08,0.16,0.24,0.4,0.08444651488613152,0.0,0.0,0.35555555555555557,-1.2999999999999998
168,M,3,0.4,4,25,0.35200000000000004,0.0,p,p8,3,-0.08,0.16,0.24,0.4,0.08444651488613152,0.0,0.0,0.7111111111111111,1.9000000000000004
169,P,3,0.4,4,25,0.35200000000000004,0.0,p,p8,3,-0.08,0.16,0.24,0.4,0.08444651488613152,0.0,0.0,0.3222222222222222,-1.6000000000000005
170,R,3,0.4,4,25,0.35200000000000004,0.0,p,p8,3,-0.08,0.16,0.24,0.4,0.08444651488613152,0.0,0.0,0.0,-4.5
171,D,3,0.4,4,25,0.35200000000000004,0.0,p,p8,3,-0.08,0.16,0.24,0.4,0.08444651488613152,0.0,0.0,0.1111111111111111,-3.5
172,Y,3,0.4,4,25,0.35200000000000004,0.0,p,p8,3,-0.08,0.16,0.24,0.4,0.08444651488613152,0.0,0.0,0.35555555555555557,-1.2999999999999998
173,L,3,0.4,4,25,0.35200000000000004,0.0,p,p8,3,-0.08,0.16,0.24,0.4,0.08444651488613152,0.0,0.0,0.9222222222222223,3.8000000000000007
174,C,3,0.4,4,25,0.35200000000000004,0.0,p,p8,3,-0.08,0.16,0.24,0.4,0.08444651488613152,0.0,0.0,0.7777777777777778,2.5
175,R,3,0.4,4,25,0.35200000000000004,0.0,p,p8,3,-0.08,0.16,0.24,0.4,0.08444651488613152,0.0,0.0,0.0,-4.5
176,R,3,0.4,4,25,0.35200000000000004,0.0,p,p8,3,-0.08,0.16,0.24,0.4,0.08444651488613152,0.0,0.0,0.0,-4.5
177,E,3,0.4,4,25,0.35200000000000004,0.0,p,p8,3,-0.08,0.16,0.24,0.4,0.08444651488613152,0.0,0.0,0.1111111111111111,-3.5
178,I,3,0.4,4,25,0.35200000000000004,0.0,p,p8,3,-0.08,0.16,0.24,0.4,0.08444651488613152,0.0,0.0,1.0,4.5
179,N,3,0.4,4,25,0.35200000000000004,0.0,p,p8,3,-0.08,0.16,0.24,0.4,0.08444651488613152,0.0,0.0,0.1111111111111111,-3.5
180,D,3,0.4,4,25,0.35200000000000004,0.0,p,p8,3,-0.08,0.16,0.24,0.4,0.08444651488613152,0.0,0.0,0.1111111111111111,-3.5
181,E,3,0.4,4,25,0.35200000000000004,0.0,p,p8,3,-0.08,0.16,0.24,0.4,0.08444651488613152,0.0,0.0,0.1111111111111111,-3.5
182,S,3,0.4,4,25,0.35200000000000004,0.0,p,p8,3,-0.08,0.16,0.24,0.4,0.08444651488613152,0.0,0.0,0.41111111111111115,-0.7999999999999998
183,H,3,0.4,4,25,0.35200000000000004,0.0,p,p8,3,-0.08,0.16,0.24,0.4,0.08444651488613152,0.0,0.0,0.14444444444444443,-3.2
184,V,3,0.4,4,25,0.35200000000000004,0.0,p,p8,3,-0.08,0.16,0.24,0.4,0.08444651488613152,0.0,0.0,0.9666666666666666,4.199999999999999
185,E,3,0.4,4,25,0.35200000000000004,0.0,p,p8,3,-0.08,0.16,0.24,0.4,0.08444651488613152,0.0,0.0,0.1111111111111111,-3.5
186,C,3,0.4,4,25,0.35200000000000004,0.0,p,p8,3,-0.08,0.16,0.24,0.4,0.08444651488613152,0.0,0.0,0.7777777777777778,2.5
187,R,3,0.4,4,25,0.35200000000000004,0.0,p,p8,3,-0.08,0.16,0.24,0.4,0.08444651488613152,0.0,0.0,0.0,-4.5
188,M,3,0.4,4,25,0.35200000000000004,0.0,p,p8,3,-0.08,0.16,0.24,0.4,0.08444651488613152,0.0,0.0,0.7111111111111111,1.9000000000000004
189,E,3,0.4,4,25,0.35200000000000004,0.0,p,p8,3,-0.08,0.16,0.24,0.4,0.08444651488613152,0.0,0.0,0.1111111111111111,-3.5
190,F,3,0.4,4,11,0.6202020202020202,0.35555555555555557,h,h8,1,0.0,0.0,0.0,0.0,-0.19501172709983636,1.08,0.0,0.8111111111111111,2.8
191,F,3,0.4,4,11,0.6202020202020202,0.35555555555555557,h,h8,1,0.0,0.0,0.0,0.0,-0.19501172709983636,1.08,0.0,0.8111111111111111,2.8
192,M,3,0.4,4,11,0.6202020202020202,0.35555555555555557,h,h8,1,0.0,0.0,0.0,0.0,-0.19501172709983636,1.08,0.0,0.7111111111111111,1.9000000000000004
193,M,3,0.4,4,11,0.6202020202020202,0.35555555555555557,h,h8,1,0.0,0.0,0.0,0.0,-0.19501172709983636,1.08,0.0,0.7111111111111111,1.9000000000000004
194,Y,3,0.4,4,11,0.6202020202020202,0.35555555555555557,h,h8,1,0.0,0.0,0.0,0.0,-0.19501172709983636,1.08,0.0,0.35555555555555557,-1.2999999999999998
195,T,3,0.4,4,11,0.6202020202020202,0.35555555555555557,h,h8,1,0.0,0.0,0.0,0.0,-0.19501172709983636,1.08,0.0,0.4222222222222222,-0.7000000000000002
196,F,3,0.4,4,11,0.6202020202020202,0.35555555555555557,h,h8,1,0.0,0.0,0.0,0.0,-0.19501172709983636,1.08,0.0,0.8111111111111111,2.8
197,L,3,0.4,4,11,0.6202020202020202,0.35555555555555557,h,h8,1,0.0,0.0,0.0,0.0,-0.19501172709983636,1.08,0.0,0.9222222222222223,3.8000000000000007
198,Y,3,0.4,4,11,0.6202020202020202,0.35555555555555557,h,h8,1,0.0,0.0,0.0,0.0,-0.19501172709983636,1.08,0.0,0.35555555555555557,-1.2999999999999998
199,G,3,0.4,4,11,0.6202020202020202,0.35555555555555557,h,h8,1,0.0,0.0,0.0,0.0,-0.19501172709983636,1.08,0.0,0.4555555555555555,-0.40000000000000036
200,G,3,0.4,4,11,0.6202020202020202,0.35555555555555557,h,h8,1,0.0,0.0,0.0,0.0,-0.19501172709983636,1.08,0.0,0.4555555555555555,-0.40000000000000036
